[{"family":"MaterialIcons","fonts":[{"asset":"fonts/MaterialIcons-Regular.otf"}]},{"family":"packages/lucide_icons_flutter/Lucide","fonts":[{"asset":"packages/lucide_icons_flutter/assets/lucide.ttf"}]},{"family":"packages/lucide_icons_flutter/Lucide100","fonts":[{"weight":100,"asset":"packages/lucide_icons_flutter/assets/build_font/LucideVariable-w100.ttf"}]},{"family":"packages/lucide_icons_flutter/Lucide200","fonts":[{"weight":200,"asset":"packages/lucide_icons_flutter/assets/build_font/LucideVariable-w200.ttf"}]},{"family":"packages/lucide_icons_flutter/Lucide300","fonts":[{"weight":300,"asset":"packages/lucide_icons_flutter/assets/build_font/LucideVariable-w300.ttf"}]},{"family":"packages/lucide_icons_flutter/Lucide400","fonts":[{"weight":400,"asset":"packages/lucide_icons_flutter/assets/build_font/LucideVariable-w400.ttf"}]},{"family":"packages/lucide_icons_flutter/Lucide500","fonts":[{"weight":500,"asset":"packages/lucide_icons_flutter/assets/build_font/LucideVariable-w500.ttf"}]},{"family":"packages/lucide_icons_flutter/Lucide600","fonts":[{"weight":600,"asset":"packages/lucide_icons_flutter/assets/build_font/LucideVariable-w600.ttf"}]}]